,Exp1_Hunter_Aggro,Exp1_Hunter_Control,Exp1_Paladin_Aggro,Exp1_Paladin_Control,Exp1_Warlock_Aggro,Exp1_Warlock_Control,Exp2_Hunter_Aggro,Exp2_Hunter_Control,Exp2_Paladin_Aggro,Exp2_Paladin_Control,Exp2_Warlock_Aggro,Exp2_Warlock_Control
Exp1_Hunter_Aggro,0.5305,0.1158,0.3593984962406015,0.05784461152882205,0.3630075187969925,0.11709273182957393,0.6083208020050125,0.20781954887218046,0.5128822055137845,0.09654135338345865,0.4337844611528822,0.13533834586466165
Exp1_Hunter_Control,0.8962406015037594,0.4918295739348371,0.6718796992481203,0.22345864661654136,0.8330827067669173,0.32030075187969925,0.8868170426065163,0.5776441102756892,0.825563909774436,0.21844611528822055,0.8291729323308271,0.519298245614035
Exp1_Paladin_Aggro,0.8967418546365915,0.6095238095238096,0.7218045112781954,0.36080200501253135,0.8332832080200501,0.5386466165413534,0.9152882205513785,0.7572932330827068,0.8199498746867168,0.44030075187969925,0.8738847117794486,0.5680200501253133
Exp1_Paladin_Control,0.9674371859296482,0.7850381679389313,0.8585166240409207,0.5058378378378379,0.950487106017192,0.5973684210526315,0.9510175438596491,0.906412213740458,0.92512,0.4537373737373737,0.959,0.8213333333333334
Exp1_Warlock_Aggro,0.6896296296296296,0.25375,0.46120481927710844,0.11351351351351352,0.5616666666666666,0.21944444444444444,0.7344444444444445,0.23222222222222222,0.6405555555555555,0.12055555555555555,0.6011111111111112,0.23555555555555555
Exp1_Warlock_Control,0.8746666666666667,0.625,0.7506382978723404,0.3617021276595745,0.8527659574468085,0.42933333333333334,0.8409090909090909,0.718139534883721,0.8146341463414634,0.25263157894736843,0.8364705882352941,0.655
Exp2_Hunter_Aggro,0.3253333333333333,0.06333333333333334,0.24,0.04363636363636364,0.23,0.10857142857142857,0.344,0.056,0.392,0.072,0.256,0.08
Exp2_Hunter_Control,0.84,0.48,0.5866666666666667,0.2,0.88,0.4,0.96,0.44,0.88,0.2,0.88,0.36
