,Exp1_Hunter_Aggro,Exp1_Hunter_Control,Exp1_Paladin_Aggro,Exp1_Paladin_Control,Exp1_Warlock_Aggro,Exp1_Warlock_Control,Exp2_Hunter_Aggro,Exp2_Hunter_Control,Exp2_Paladin_Aggro,Exp2_Paladin_Control,Exp2_Warlock_Aggro,Exp2_Warlock_Control
Exp1_Hunter_Aggro,0.525,0.1153,0.3693,0.0573,0.3798,0.1188,0.6004,0.2113,0.5069,0.1013,0.4389,0.1328
Exp1_Hunter_Control,0.8993,0.4917,0.6788,0.2239,0.8331,0.3212,0.8846,0.5767,0.8214,0.2213,0.8313,0.535
Exp1_Paladin_Aggro,0.8954,0.6231,0.7288,0.3601,0.8432,0.5386,0.9155889724310777,0.7662626262626263,0.818469387755102,0.44556701030927837,0.8700808625336928,0.5747301587301588
Exp1_Paladin_Control,0.9691338582677166,0.783681592039801,0.8507428571428571,0.5108333333333334,0.9621621621621622,0.5942857142857143,0.9503448275862069,0.9063414634146342,0.9210810810810811,0.46838709677419355,0.9642857142857143,0.8144
Exp1_Warlock_Aggro,0.6939130434782609,0.26260869565217393,0.43130434782608695,0.10260869565217391,0.5945454545454546,0.22181818181818183,0.7657142857142857,0.2675,0.695,0.15428571428571428,0.6509090909090909,0.2088888888888889
Exp1_Warlock_Control,0.8977777777777778,0.52,0.7066666666666667,0.34,0.84,0.32,0.9066666666666666,0.7466666666666667,0.7733333333333333,0.24,0.8533333333333334,0.6533333333333333
Exp2_Hunter_Aggro,0.3,0.06,0.12,0.04,0.08,0.2
